<Configuration type='intersection'>
	<header>
		<name>040高鐵聯絡道-縣167 (台82~台37)</name>
		<version>1</version>
		<date>2021/11/15 22:53:00</date>
		<intersection_id>IN-028</intersection_id>
	</header>
	<road_information>
		<road_type>Intersection</road_type>
		<road_num>8</road_num>
		<roads>
			<road>
				<link_id>4016700101128Q</link_id>
				<name>縣167</name>
				<lane_num>2</lane_num>
				<section>North</section>
				<direction>In</direction>
			</road>
			<road>
				<link_id>4016700001128Q</link_id>
				<name>縣167</name>
				<lane_num>2</lane_num>
				<section>North</section>
				<direction>Out</direction>
			</road>
			<road>
				<link_id>1008200101900Q</link_id>
				<name>東西向快速公路82東石嘉義線閘道</name>
				<lane_num>1</lane_num>
				<section>East</section>
				<direction>In</direction>
			</road>
			<road>
				<link_id>1008200001890Q</link_id>
				<name>東西向快速公路82東石嘉義線閘道</name>
				<lane_num>1</lane_num>
				<section>East</section>
				<direction>Out</direction>
			</road>
			<road>
				<link_id>4016700001111Q</link_id>
				<name>縣167</name>
				<lane_num>2</lane_num>
				<section>South</section>
				<direction>In</direction>
			</road>
			<road>
				<link_id>4016700101111Q</link_id>
				<name>縣167</name>
				<lane_num>2</lane_num>
				<section>South</section>
				<direction>Out</direction>
			</road>
			<road>
				<link_id>1008200001800Q</link_id>
				<name>東西向快速公路82東石嘉義線閘道</name>
				<lane_num>1</lane_num>
				<section>West</section>
				<direction>In</direction>
			</road>
			<road>
				<link_id>1008200101800Q</link_id>
				<name>東西向快速公路82東石嘉義線閘道</name>
				<lane_num>1</lane_num>
				<section>West</section>
				<direction>Out</direction>
			</road>
		</roads>
	</road_information>
</Configuration>