<Configuration type='intersection'>
	<header>
		<name>32阿里山2-台18線(中正路~觸口)</name>
		<version>1</version>
		<date>2021/11/15 22:53:00</date>
		<intersection_id>IE-005</intersection_id>
	</header>
	<road_information>
		<road_type>Intersection</road_type>
		<road_num>8</road_num>
		<roads>
			<road>
				<link_id>3000300028618Q</link_id>
				<name>中正路</name>
				<lane_num>2</lane_num>
				<section>North</section>
				<direction>In</direction>
			</road>
			<road>
				<link_id>3000300128618Q</link_id>
				<name>中正路</name>
				<lane_num>2</lane_num>
				<section>North</section>
				<direction>Out</direction>
			</road>
			<road>
				<link_id>3018000102537Q</link_id>
				<name>十字路</name>
				<lane_num>2</lane_num>
				<section>East</section>
				<direction>In</direction>
			</road>
			<road>
				<link_id>3018000002537Q</link_id>
				<name>十字路</name>
				<lane_num>2</lane_num>
				<section>East</section>
				<direction>Out</direction>
			</road>
			<road>
				<link_id>3000300128734Q</link_id>
				<name>中正路</name>
				<lane_num>2</lane_num>
				<section>South</section>
				<direction>In</direction>
			</road>
			<road>
				<link_id>3000300028734Q</link_id>
				<name>中正路</name>
				<lane_num>2</lane_num>
				<section>South</section>
				<direction>Out</direction>
			</road>
			<road>
				<link_id>3001800002479Q</link_id>
				<name>十字路</name>
				<lane_num>2</lane_num>
				<section>West</section>
				<direction>In</direction>
			</road>
			<road>
				<link_id>3001800102479Q</link_id>
				<name>十字路</name>
				<lane_num>2</lane_num>
				<section>West</section>
				<direction>Out</direction>
			</road>
		</roads>
	</road_information>
</Configuration>