<Configuration type='intersection'>
	<header>
		<name>040港墘村-台82 (縣157~無名農路)</name>
		<version>1</version>
		<date>2021/11/15 22:53:00</date>
		<intersection_id>IK-026</intersection_id>
	</header>
	<road_information>
		<road_type>Intersection</road_type>
		<road_num>8</road_num>
		<roads>
			<road>
				<link_id>4015700103871Q</link_id>
				<name>縣157</name>
				<lane_num>2</lane_num>
				<section>North</section>
				<direction>In</direction>
			</road>
			<road>
				<link_id>4015700003871Q</link_id>
				<name>縣157</name>
				<lane_num>2</lane_num>
				<section>North</section>
				<direction>Out</direction>
			</road>
			<road>
				<link_id>1008200100630Q</link_id>
				<name>台82</name>
				<lane_num>2</lane_num>
				<section>East</section>
				<direction>In</direction>
			</road>
			<road>
				<link_id>1008200000630Q</link_id>
				<name>台82</name>
				<lane_num>2</lane_num>
				<section>East</section>
				<direction>Out</direction>
			</road>
			<road>
				<link_id>4015700003971Q</link_id>
				<name>縣157</name>
				<lane_num>2</lane_num>
				<section>South</section>
				<direction>In</direction>
			</road>
			<road>
				<link_id>4015700103971Q</link_id>
				<name>縣157</name>
				<lane_num>2</lane_num>
				<section>South</section>
				<direction>Out</direction>
			</road>
			<road>
				<link_id>1008200000600Q</link_id>
				<name>台82</name>
				<lane_num>2</lane_num>
				<section>West</section>
				<direction>In</direction>
			</road>
			<road>
				<link_id>1008200100600Q</link_id>
				<name>台82</name>
				<lane_num>2</lane_num>
				<section>West</section>
				<direction>Out</direction>
			</road>
		</roads>
	</road_information>
</Configuration>