<Configuration type='intersection'>
	<header>
		<name>31阿里山1-中埔(大義路~嘉135)</name>
		<version>1</version>
		<date>2021/11/15 22:53:00</date>
		<intersection_id>IE-057</intersection_id>
	</header>
	<road_information>
		<road_type>Intersection</road_type>
		<road_num>6</road_num>
		<roads>
			<road>
				<link_id>0000301055020Q</link_id>
				<name>中埔交流道</name>
				<lane_num>2</lane_num>
				<section>North</section>
				<direction>In</direction>
			</road>
			<road>
				<link_id>3001800102072Q</link_id>
				<name>阿里山公路</name>
				<lane_num>2</lane_num>
				<section>East</section>
				<direction>In</direction>
			</road>
			<road>
				<link_id>3001800002071Q</link_id>
				<name>阿里山公路</name>
				<lane_num>2</lane_num>
				<section>East</section>
				<direction>Out</direction>
			</road>
			<road>
				<link_id>0000301055040Q</link_id>
				<name>中埔交流道</name>
				<lane_num>1</lane_num>
				<section>South</section>
				<direction>Out</direction>
			</road>
			<road>
				<link_id>3001800002067Q</link_id>
				<name>阿里山公路</name>
				<lane_num>2</lane_num>
				<section>West</section>
				<direction>In</direction>
			</road>
			<road>
				<link_id>3001800102063Q</link_id>
				<name>阿里山公路</name>
				<lane_num>2</lane_num>
				<section>West</section>
				<direction>Out</direction>
			</road>
		</roads>
	</road_information>
</Configuration>