<Configuration type='intersection'>
	<header>
		<name>080東石-台82 (彩霞大道~縣168)</name>
		<version>1</version>
		<date>2021/11/15 22:53:00</date>
		<intersection_id>IK-061</intersection_id>
	</header>
	<road_information>
		<road_type>Intersection</road_type>
		<road_num>8</road_num>
		<roads>
			<road>
				<link_id>4016800100052Q</link_id>
				<name>縣168</name>
				<lane_num>2</lane_num>
				<section>North</section>
				<direction>In</direction>
			</road>
			<road>
				<link_id>4016800000052Q</link_id>
				<name>縣168</name>
				<lane_num>2</lane_num>
				<section>North</section>
				<direction>Out</direction>
			</road>
			<road>
				<link_id>4016800100068Q</link_id>
				<name>台82</name>
				<lane_num>2</lane_num>
				<section>East</section>
				<direction>In</direction>
			</road>
			<road>
				<link_id>4016800000068Q</link_id>
				<name>台82</name>
				<lane_num>2</lane_num>
				<section>East</section>
				<direction>Out</direction>
			</road>
			<road>
				<link_id></link_id>
				<name>防汛道路</name>
				<lane_num>1</lane_num>
				<section>South</section>
				<direction>In</direction>
			</road>
			<road>
				<link_id></link_id>
				<name>防汛道路</name>
				<lane_num>1</lane_num>
				<section>South</section>
				<direction>Out</direction>
			</road>
			<road>
				<link_id>1008200000000Q</link_id>
				<name>台82</name>
				<lane_num>2</lane_num>
				<section>West</section>
				<direction>In</direction>
			</road>
			<road>
				<link_id>1008200100000Q</link_id>
				<name>台82</name>
				<lane_num>2</lane_num>
				<section>West</section>
				<direction>Out</direction>
			</road>
		</roads>
	</road_information>
</Configuration>