<Configuration type='intersection'>
	<header>
		<name>50高鐵-高鐵橋下(保鐵十二路~保鐵八路)</name>
		<version>1</version>
		<date>2021/11/15 22:53:00</date>
		<intersection_id>IA-055</intersection_id>
	</header>
	<road_information>
		<road_type>Intersection</road_type>
		<road_num>4</road_num>
		<roads>
			<road>
				<link_id>C1055002</link_id>
				<name>高鐵西路</name>
				<lane_num>3</lane_num>
				<section>South</section>
				<direction>In</direction>
			</road>
			<road>
				<link_id>C0055002</link_id>
				<name>高鐵西路</name>
				<lane_num>3</lane_num>
				<section>South</section>
				<direction>Out</direction>
			</road>
			<road>
				<link_id>C1055003</link_id>
				<name>保鐵十二路</name>
				<lane_num>4</lane_num>
				<section>West</section>
				<direction>In</direction>
			</road>
			<road>
				<link_id>C0055003</link_id>
				<name>保鐵十二路</name>
				<lane_num>2</lane_num>
				<section>West</section>
				<direction>Out</direction>
			</road>
		</roads>
	</road_information>
</Configuration>