<Configuration type='intersection'>
	<header>
		<name>32阿里山2-台18線(中正路~觸口)</name>
		<version>1</version>
		<date>2021/11/15 22:53:00</date>
		<intersection_id>IO-015</intersection_id>
	</header>
	<road_information>
		<road_type>Intersection</road_type>
		<road_num>6</road_num>
		<roads>
			<road>
				<link_id></link_id>
				<name>台18線34K</name>
				<lane_num>1</lane_num>
				<section>North</section>
				<direction>In</direction>
			</road>
			<road>
				<link_id></link_id>
				<name>台18線34K</name>
				<lane_num>1</lane_num>
				<section>North</section>
				<direction>Out</direction>
			</road>
			<road>
				<link_id>3001800103334Q</link_id>
				<name>阿里山公路</name>
				<lane_num>1</lane_num>
				<section>East</section>
				<direction>In</direction>
			</road>
			<road>
				<link_id>3001800003334Q</link_id>
				<name>阿里山公路</name>
				<lane_num>1</lane_num>
				<section>East</section>
				<direction>Out</direction>
			</road>
			<road>
				<link_id>3001800003334Q</link_id>
				<name>阿里山公路</name>
				<lane_num>1</lane_num>
				<section>West</section>
				<direction>In</direction>
			</road>
			<road>
				<link_id>3001800103334Q</link_id>
				<name>阿里山公路</name>
				<lane_num>1</lane_num>
				<section>West</section>
				<direction>Out</direction>
			</road>
		</roads>
	</road_information>
</Configuration>