<Configuration type='intersection'>
	<header>
		<name>32阿里山2-台18線(中正路~觸口)</name>
		<version>1</version>
		<date>2021/11/15 22:53:00</date>
		<intersection_id>IE-080</intersection_id>
	</header>
	<road_information>
		<road_type>Intersection</road_type>
		<road_num>6</road_num>
		<roads>
			<road>
				<link_id>C0030001</link_id>
				<name>嘉126-2(舊嘉126-1)</name>
				<lane_num>1</lane_num>
				<section>North</section>
				<direction>In</direction>
			</road>
			<road>
				<link_id>C1030001</link_id>
				<name>嘉126-2(舊嘉126-1)</name>
				<lane_num>1</lane_num>
				<section>North</section>
				<direction>Out</direction>
			</road>
			<road>
				<link_id>3001800102837Q</link_id>
				<name>阿里山公路</name>
				<lane_num>2</lane_num>
				<section>East</section>
				<direction>In</direction>
			</road>
			<road>
				<link_id>3001800002837Q</link_id>
				<name>阿里山公路</name>
				<lane_num>2</lane_num>
				<section>East</section>
				<direction>Out</direction>
			</road>
			<road>
				<link_id>3001800002798Q</link_id>
				<name>阿里山公路</name>
				<lane_num>2</lane_num>
				<section>West</section>
				<direction>In</direction>
			</road>
			<road>
				<link_id>3001800102798Q</link_id>
				<name>阿里山公路</name>
				<lane_num>2</lane_num>
				<section>West</section>
				<direction>Out</direction>
			</road>
		</roads>
	</road_information>
</Configuration>