<Configuration type='intersection'>
	<header>
		<name>32阿里山2-台18線(中正路~觸口)</name>
		<version>1</version>
		<date>2021/11/15 22:53:00</date>
		<intersection_id>IO-030</intersection_id>
	</header>
	<road_information>
		<road_type>Intersection</road_type>
		<road_num>6</road_num>
		<roads>
			<road>
				<link_id>3001800103234Q</link_id>
				<name>阿里山公路</name>
				<lane_num>1</lane_num>
				<section>East</section>
				<direction>In</direction>
			</road>
			<road>
				<link_id>3001800003234Q</link_id>
				<name>阿里山公路</name>
				<lane_num>1</lane_num>
				<section>East</section>
				<direction>Out</direction>
			</road>
			<road>
				<link_id>C1030001</link_id>
				<name></name>
				<lane_num>1</lane_num>
				<section>South</section>
				<direction>In</direction>
			</road>
			<road>
				<link_id>C0030001</link_id>
				<name></name>
				<lane_num>1</lane_num>
				<section>South</section>
				<direction>Out</direction>
			</road>
			<road>
				<link_id>3001800003134Q</link_id>
				<name>阿里山公路</name>
				<lane_num>1</lane_num>
				<section>West</section>
				<direction>In</direction>
			</road>
			<road>
				<link_id>3001800103134Q</link_id>
				<name>阿里山公路</name>
				<lane_num>1</lane_num>
				<section>West</section>
				<direction>Out</direction>
			</road>
		</roads>
	</road_information>
</Configuration>