<Configuration type='intersection'>
	<header>
		<name>080東石-台82 (彩霞大道~縣168)</name>
		<version>1</version>
		<date>2021/11/15 22:53:00</date>
		<intersection_id>IH-036</intersection_id>
	</header>
	<road_information>
		<road_type>Intersection</road_type>
		<road_num>8</road_num>
		<roads>
			<road>
				<link_id>C0036002</link_id>
				<name>後寮路</name>
				<lane_num>2</lane_num>
				<section>North</section>
				<direction>In</direction>
			</road>
			<road>
				<link_id>C1036002</link_id>
				<name>後寮路</name>
				<lane_num>2</lane_num>
				<section>North</section>
				<direction>Out</direction>
			</road>
			<road>
				<link_id>C1036003</link_id>
				<name>上海路</name>
				<lane_num>1</lane_num>
				<section>East</section>
				<direction>In</direction>
			</road>
			<road>
				<link_id>C0036003</link_id>
				<name>上海路</name>
				<lane_num>1</lane_num>
				<section>East</section>
				<direction>Out</direction>
			</road>
			<road>
				<link_id>C1036001</link_id>
				<name>後寮路</name>
				<lane_num>1</lane_num>
				<section>South</section>
				<direction>In</direction>
			</road>
			<road>
				<link_id>C0036001</link_id>
				<name>後寮路</name>
				<lane_num>1</lane_num>
				<section>South</section>
				<direction>Out</direction>
			</road>
			<road>
				<link_id>C0037001</link_id>
				<name>上海路</name>
				<lane_num>3</lane_num>
				<section>West</section>
				<direction>In</direction>
			</road>
			<road>
				<link_id>C1037001</link_id>
				<name>上海路</name>
				<lane_num>3</lane_num>
				<section>West</section>
				<direction>Out</direction>
			</road>
		</roads>
	</road_information>
</Configuration>